Workbook

Sheet Comparison
A1: Date | B1: Reliance | C1: TCS | D1: HDFC | E1: INFY | F1: Wipro
A2: =Reliance!A2 -> May 22, 2026 | B2: =VLOOKUP(A2,Reliance!$A:$F, 5,0) -> 1354.5 | C2: =VLOOKUP($A2, TCS!$A:$F,5,0) -> 2317.3 | D2: =VLOOKUP($A2,HDFC!$A:$F,5,0) -> 766.8 | E2: =VLOOKUP($A2,INFY!$A:$F,5,0) -> 1174.5 | F2: =VLOOKUP($A2,WIPRO!$A:$F,5,0) -> 203.11
A3: =Reliance!A3 -> May 21, 2026 | B3: =VLOOKUP(A3,Reliance!$A:$F, 5,0) -> 1349.6 | C3: =VLOOKUP($A3, TCS!$A:$F,5,0) -> 2327.2 | D3: =VLOOKUP($A3,HDFC!$A:$F,5,0) -> 759.15 | E3: =VLOOKUP($A3,INFY!$A:$F,5,0) -> 1181.2 | F3: =VLOOKUP($A3,WIPRO!$A:$F,5,0) -> 199.74
A4: =Reliance!A4 -> May 20, 2026 | B4: =VLOOKUP(A4,Reliance!$A:$F, 5,0) -> 1359.7 | C4: =VLOOKUP($A4, TCS!$A:$F,5,0) -> 2327.4 | D4: =VLOOKUP($A4,HDFC!$A:$F,5,0) -> 759.5 | E4: =VLOOKUP($A4,INFY!$A:$F,5,0) -> 1193.7 | F4: =VLOOKUP($A4,WIPRO!$A:$F,5,0) -> 197.12
A5: =Reliance!A5 -> May 19, 2026 | B5: =VLOOKUP(A5,Reliance!$A:$F, 5,0) -> 1322.7 | C5: =VLOOKUP($A5, TCS!$A:$F,5,0) -> 2327.1 | D5: =VLOOKUP($A5,HDFC!$A:$F,5,0) -> 762.45 | E5: =VLOOKUP($A5,INFY!$A:$F,5,0) -> 1196.9 | F5: =VLOOKUP($A5,WIPRO!$A:$F,5,0) -> 195.17
A6: =Reliance!A6 -> May 18, 2026 | B6: =VLOOKUP(A6,Reliance!$A:$F, 5,0) -> 1335.9 | C6: =VLOOKUP($A6, TCS!$A:$F,5,0) -> 2283.2 | D6: =VLOOKUP($A6,HDFC!$A:$F,5,0) -> 768.65 | E6: =VLOOKUP($A6,INFY!$A:$F,5,0) -> 1142.5 | F6: =VLOOKUP($A6,WIPRO!$A:$F,5,0) -> 192.17
A7: =Reliance!A7 -> May 15, 2026 | B7: =VLOOKUP(A7,Reliance!$A:$F, 5,0) -> 1336.4 | C7: =VLOOKUP($A7, TCS!$A:$F,5,0) -> 2264 | D7: =VLOOKUP($A7,HDFC!$A:$F,5,0) -> 767.5 | E7: =VLOOKUP($A7,INFY!$A:$F,5,0) -> 1119 | F7: =VLOOKUP($A7,WIPRO!$A:$F,5,0) -> 190
A8: =Reliance!A8 -> May 14, 2026 | B8: =VLOOKUP(A8,Reliance!$A:$F, 5,0) -> 1361.8 | C8: =VLOOKUP($A8, TCS!$A:$F,5,0) -> 2246 | D8: =VLOOKUP($A8,HDFC!$A:$F,5,0) -> 769.55 | E8: =VLOOKUP($A8,INFY!$A:$F,5,0) -> 1095 | F8: =VLOOKUP($A8,WIPRO!$A:$F,5,0) -> 188.3
A9: =Reliance!A9 -> May 13, 2026 | B9: =VLOOKUP(A9,Reliance!$A:$F, 5,0) -> 1358.8 | C9: =VLOOKUP($A9, TCS!$A:$F,5,0) -> 2272.8 | D9: =VLOOKUP($A9,HDFC!$A:$F,5,0) -> 749.6 | E9: =VLOOKUP($A9,INFY!$A:$F,5,0) -> 1123.1 | F9: =VLOOKUP($A9,WIPRO!$A:$F,5,0) -> 187.8
A10: =Reliance!A10 -> May 12, 2026 | B10: =VLOOKUP(A10,Reliance!$A:$F, 5,0) -> 1364 | C10: =VLOOKUP($A10, TCS!$A:$F,5,0) -> 2300.3 | D10: =VLOOKUP($A10,HDFC!$A:$F,5,0) -> 750.45 | E10: =VLOOKUP($A10,INFY!$A:$F,5,0) -> 1140.3 | F10: =VLOOKUP($A10,WIPRO!$A:$F,5,0) -> 189.57
A11: =Reliance!A11 -> May 11, 2026 | B11: =VLOOKUP(A11,Reliance!$A:$F, 5,0) -> 1388.2 | C11: =VLOOKUP($A11, TCS!$A:$F,5,0) -> 2392.9 | D11: =VLOOKUP($A11,HDFC!$A:$F,5,0) -> 763.65 | E11: =VLOOKUP($A11,INFY!$A:$F,5,0) -> 1177 | F11: =VLOOKUP($A11,WIPRO!$A:$F,5,0) -> 196.68
A12: =Reliance!A12 -> May 8, 2026 | B12: =VLOOKUP(A12,Reliance!$A:$F, 5,0) -> 1435.2 | C12: =VLOOKUP($A12, TCS!$A:$F,5,0) -> 2394.4 | D12: =VLOOKUP($A12,HDFC!$A:$F,5,0) -> 780.85 | E12: =VLOOKUP($A12,INFY!$A:$F,5,0) -> 1179.2 | F12: =VLOOKUP($A12,WIPRO!$A:$F,5,0) -> 197.91
A13: =Reliance!A13 -> May 7, 2026 | B13: =VLOOKUP(A13,Reliance!$A:$F, 5,0) -> 1436.2 | C13: =VLOOKUP($A13, TCS!$A:$F,5,0) -> 2401.4 | D13: =VLOOKUP($A13,HDFC!$A:$F,5,0) -> 796.05 | E13: =VLOOKUP($A13,INFY!$A:$F,5,0) -> 1162.7 | F13: =VLOOKUP($A13,WIPRO!$A:$F,5,0) -> 197.36
... A21: =Reliance!A21 -> Apr 27, 2026 | B21: =VLOOKUP(A21,Reliance!$A:$F, 5,0) -> 1365.8 | C21: =VLOOKUP($A21, TCS!$A:$F,5,0) -> 2447.6 | D21: =VLOOKUP($A21,HDFC!$A:$F,5,0) -> 789.8 | E21: =VLOOKUP($A21,INFY!$A:$F,5,0) -> 1170.3 | F21: =VLOOKUP($A21,WIPRO!$A:$F,5,0) -> 205.05
A24: SUMMARY
A25: METRIC | B25: RELIANCE | C25: TCS | D25: HDFC | E25: INFY | F25: WIPRO
A26: Highest Price | B26: =MAX(B2:B21) -> 1463.6 | C26: =MAX(C2:C21) -> 2474.7 | D26: =MAX(D2:D21) -> 796.55 | E26: =MAX(E2:E21) -> 1196.9 | F26: =MAX(F2:F21) -> 205.05
A27: Lowest Price | B27: =MIN(B2:B21) -> 1322.7 | C27: =MIN(C2:C21) -> 2246 | D27: =MIN(D2:D21) -> 749.6 | E27: =MIN(E2:E21) -> 1095 | F27: =MIN(F2:F21) -> 187.8
A28: Average | B28: =AVERAGE(B2:B21) -> 1390.465 | C28: =AVERAGE(C2:C21) -> 2373.14 | D28: =AVERAGE(D2:D21) -> 771.86 | E28: =AVERAGE(E2:E21) -> 1162.615 | F28: =AVERAGE(F2:F21) -> 197.1595
A29: Price Change | B29: =B2-B21 -> -11.3 | C29: =C2-C21 -> -130.3 | D29: =D2-D21 -> -23 | E29: =E2-E21 -> 4.2 | F29: =F2-F21 -> -1.94

Sheet Reliance
A1: Date | B1: Open | C1: High | D1: Low | E1: Close | F1: Adj Close | G1: Volume
A2: May 22, 2026 | B2: 1350 | C2: 1367.4 | D2: 1349.1 | E2: 1354.5 | F2: 1354.5 | G2: 7105813
A3: May 21, 2026 | B3: 1367.2 | C3: 1370.9 | D3: 1345.2 | E3: 1349.6 | F3: 1349.6 | G3: 17150630
A4: May 20, 2026 | B4: 1318.7 | C4: 1362.9 | D4: 1312.6 | E4: 1359.7 | F4: 1359.7 | G4: 13248515
A5: May 19, 2026 | B5: 1338.7 | C5: 1344 | D5: 1318.4 | E5: 1322.7 | F5: 1322.7 | G5: 21665501
A6: May 18, 2026 | B6: 1334 | C6: 1342 | D6: 1318.7 | E6: 1335.9 | F6: 1335.9 | G6: 13022473
A7: May 15, 2026 | B7: 1356.8 | C7: 1364.8 | D7: 1329.2 | E7: 1336.4 | F7: 1336.4 | G7: 19976192
A8: May 14, 2026 | B8: 1365.2 | C8: 1378 | D8: 1358.4 | E8: 1361.8 | F8: 1361.8 | G8: 17303059
A9: May 13, 2026 | B9: 1361.4 | C9: 1372.4 | D9: 1352.4 | E9: 1358.8 | F9: 1358.8 | G9: 13797989
A10: May 12, 2026 | B10: 1392 | C10: 1393.5 | D10: 1360.3 | E10: 1364 | F10: 1364 | G10: 24357500
A11: May 11, 2026 | B11: 1420 | C11: 1428 | D11: 1382 | E11: 1388.2 | F11: 1388.2 | G11: 15261787
A12: May 8, 2026 | B12: 1426 | C12: 1442.8 | D12: 1417.5 | E12: 1435.2 | F12: 1435.2 | G12: 8663105
A13: May 7, 2026 | B13: 1438.8 | C13: 1449.5 | D13: 1430.3 | E13: 1436.2 | F13: 1436.2 | G13: 19816903
... A16: May 4, 2026 | B16: 1433.4 | C16: 1467.4 | D16: 1433.4 | E16: 1463.1 | F16: 1463.1 | G16: 24035700
A17: May 1, 2026 | B17: 1430.8 | C17: 1430.8 | D17: 1430.8 | E17: 1430.8 | F17: 1430.8 | G17: -
A18: Apr 30, 2026 | B18: 1409 | C18: 1437 | D18: 1393.1 | E18: 1430.8 | F18: 1430.8 | G18: 30957881
A19: Apr 29, 2026 | B19: 1392 | C19: 1433.8 | D19: 1391.3 | E19: 1425.4 | F19: 1425.4 | G19: 30542143
A20: Apr 28, 2026 | B20: 1358 | C20: 1395.2 | D20: 1357 | E20: 1388.9 | F20: 1388.9 | G20: 41027699
A21: Apr 27, 2026 | B21: 1313 | C21: 1371.6 | D21: 1311 | E21: 1365.8 | F21: 1365.8 | G21: 24673098

Sheet TCS
A1: Date | B1: Open | C1: High | D1: Low | E1: Close | F1: Adj Close | G1: Volume
A2: May 22, 2026 | B2: 2331.1 | C2: 2340 | D2: 2308.1 | E2: 2317.3 | F2: 2286.3 | G2: 2617262
A3: May 25, 2026 | B3: 31 Dividend
A4: May 21, 2026 | B4: 2331 | C4: 2335.9 | D4: 2314 | E4: 2327.2 | F4: 2296.07 | G4: 3299087
A5: May 20, 2026 | B5: 2323.9 | C5: 2342 | D5: 2317.8 | E5: 2327.4 | F5: 2296.26 | G5: 2537422
A6: May 19, 2026 | B6: 2300 | C6: 2377.6 | D6: 2297.1 | E6: 2327.1 | F6: 2295.97 | G6: 10394707
A7: May 18, 2026 | B7: 2264 | C7: 2292.9 | D7: 2252.2 | E7: 2283.2 | F7: 2252.66 | G7: 3773336
A8: May 15, 2026 | B8: 2252 | C8: 2304.9 | D8: 2252 | E8: 2264 | F8: 2233.71 | G8: 3410637
A9: May 14, 2026 | B9: 2265 | C9: 2265 | D9: 2206.4 | E9: 2246 | F9: 2215.95 | G9: 5633313
A10: May 13, 2026 | B10: 2306 | C10: 2309.2 | D10: 2269 | E10: 2272.8 | F10: 2242.4 | G10: 3171843
A11: May 12, 2026 | B11: 2375 | C11: 2375 | D11: 2283 | E11: 2300.3 | F11: 2269.53 | G11: 6347884
A12: May 11, 2026 | B12: 2371 | C12: 2415 | D12: 2371 | E12: 2392.9 | F12: 2360.89 | G12: 1975188
A13: May 8, 2026 | B13: 2398 | C13: 2407 | D13: 2375.1 | E13: 2394.4 | F13: 2362.37 | G13: 3792199
A14: May 7, 2026 | B14: 2438.2 | C14: 2439.7 | D14: 2398 | E14: 2401.4 | F14: 2369.27 | G14: 5829594
A15: May 6, 2026 | B15: 2441.9 | C15: 2471 | D15: 2406.5 | E15: 2435.4 | F15: 2402.82 | G15: 3147628
... A17: May 4, 2026 | B17: 2494 | C17: 2498.3 | D17: 2425 | E17: 2431.3 | F17: 2398.77 | G17: 2632358
A18: May 1, 2026 | B18: 2473.9 | C18: 2473.9 | D18: 2473.9 | E18: 2473.9 | F18: 2440.8 | G18: -
A19: Apr 30, 2026 | B19: 2479 | C19: 2491 | D19: 2438 | E19: 2473.9 | F19: 2440.8 | G19: 3970446
A20: Apr 29, 2026 | B20: 2451 | C20: 2487.9 | D20: 2447.6 | E20: 2474.7 | F20: 2441.59 | G20: 2835961
A21: Apr 28, 2026 | B21: 2444 | C21: 2487 | D21: 2427.4 | E21: 2444.7 | F21: 2412 | G21: 4508363
A22: Apr 27, 2026 | B22: 2396.9 | C22: 2459 | D22: 2396.9 | E22: 2447.6 | F22: 2414.86 | G22: 5853425

Sheet HDFC
A1: Date | B1: Open | C1: High | D1: Low | E1: Close | F1: Adj Close | G1: Volume
A2: May 22, 2026 | B2: 759.15 | C2: 775 | D2: 759.15 | E2: 766.8 | F2: 766.8 | G2: 25604071
A3: May 21, 2026 | B3: 767 | C3: 768.25 | D3: 755.15 | E3: 759.15 | F3: 759.15 | G3: 34664725
A4: May 20, 2026 | B4: 759.6 | C4: 762.25 | D4: 755.15 | E4: 759.5 | F4: 759.5 | G4: 24013451
A5: May 19, 2026 | B5: 766.7 | C5: 770.8 | D5: 760.25 | E5: 762.45 | F5: 762.45 | G5: 40307830
A6: May 18, 2026 | B6: 759 | C6: 774.1 | D6: 751.35 | E6: 768.65 | F6: 768.65 | G6: 29812079
A7: May 15, 2026 | B7: 773 | C7: 781.9 | D7: 765.4 | E7: 767.5 | F7: 767.5 | G7: 24347873
A8: May 14, 2026 | B8: 751 | C8: 778.3 | D8: 747 | E8: 769.55 | F8: 769.55 | G8: 50992358
A9: May 13, 2026 | B9: 752 | C9: 759.95 | D9: 747.35 | E9: 749.6 | F9: 749.6 | G9: 28960919
A10: May 12, 2026 | B10: 756.6 | C10: 759.7 | D10: 747.8 | E10: 750.45 | F10: 750.45 | G10: 43937132
A11: May 11, 2026 | B11: 771.95 | C11: 774.85 | D11: 761.9 | E11: 763.65 | F11: 763.65 | G11: 41123422
A12: May 8, 2026 | B12: 784 | C12: 788.75 | D12: 777.2 | E12: 780.85 | F12: 780.85 | G12: 38016841
A13: May 7, 2026 | B13: 794 | C13: 801.55 | D13: 788.55 | E13: 796.05 | F13: 796.05 | G13: 46137553
... A16: May 4, 2026 | B16: 772.6 | C16: 786.6 | D16: 772.6 | E16: 779.4 | F16: 779.4 | G16: 29028060
A17: May 1, 2026 | B17: 771.7 | C17: 771.7 | D17: 771.7 | E17: 771.7 | F17: 771.7 | G17: -
A18: Apr 30, 2026 | B18: 770 | C18: 778.8 | D18: 762.25 | E18: 771.7 | F18: 771.7 | G18: 47998755
A19: Apr 29, 2026 | B19: 785.5 | C19: 790 | D19: 777.35 | E19: 779 | F19: 779 | G19: 25799963
A20: Apr 28, 2026 | B20: 785 | C20: 794.5 | D20: 778.3 | E20: 782.55 | F20: 782.55 | G20: 35366803
A21: Apr 27, 2026 | B21: 787.5 | C21: 793 | D21: 785 | E21: 789.8 | F21: 789.8 | G21: 18115375

Sheet INFY
A1: Date | B1: Open | C1: High | D1: Low | E1: Close | F1: Adj Close | G1: Volume
A2: May 22, 2026 | B2: 1182.5 | C2: 1191.8 | D2: 1172.5 | E2: 1174.5 | F2: 1174.5 | G2: 8803066
A3: May 21, 2026 | B3: 1196.1 | C3: 1201.8 | D3: 1177 | E3: 1181.2 | F3: 1181.2 | G3: 10021033
A4: May 20, 2026 | B4: 1187 | C4: 1206.9 | D4: 1184.9 | E4: 1193.7 | F4: 1193.7 | G4: 15121010
A5: May 19, 2026 | B5: 1162 | C5: 1198.4 | D5: 1162 | E5: 1196.9 | F5: 1196.9 | G5: 32175705
A6: May 18, 2026 | B6: 1119 | C6: 1146.1 | D6: 1118 | E6: 1142.5 | F6: 1142.5 | G6: 12096377
A7: May 15, 2026 | B7: 1102 | C7: 1133.2 | D7: 1101.6 | E7: 1119 | F7: 1119 | G7: 17482450
A8: May 14, 2026 | B8: 1119.8 | C8: 1121.9 | D8: 1089 | E8: 1095 | F8: 1095 | G8: 16914842
A9: May 13, 2026 | B9: 1136.6 | C9: 1142.6 | D9: 1121 | E9: 1123.1 | F9: 1123.1 | G9: 6664111
A10: May 12, 2026 | B10: 1162 | C10: 1162 | D10: 1123 | E10: 1140.3 | F10: 1140.3 | G10: 16891948
A11: May 11, 2026 | B11: 1176 | C11: 1187 | D11: 1172.1 | E11: 1177 | F11: 1177 | G11: 7336288
A12: May 8, 2026 | B12: 1161 | C12: 1183.5 | D12: 1158.8 | E12: 1179.2 | F12: 1179.2 | G12: 7582770
A13: May 7, 2026 | B13: 1173 | C13: 1175.4 | D13: 1159.2 | E13: 1162.7 | F13: 1162.7 | G13: 12013987
... A16: May 4, 2026 | B16: 1195 | C16: 1195 | D16: 1165.2 | E16: 1168.4 | F16: 1168.4 | G16: 7735811
A17: May 1, 2026 | B17: 1181.8 | C17: 1181.8 | D17: 1181.8 | E17: 1181.8 | F17: 1181.8 | G17: -
A18: Apr 30, 2026 | B18: 1167.5 | C18: 1189.8 | D18: 1159.6 | E18: 1181.8 | F18: 1181.8 | G18: 12205669
A19: Apr 29, 2026 | B19: 1158.5 | C19: 1178.2 | D19: 1156.8 | E19: 1167.5 | F19: 1167.5 | G19: 8303109
A20: Apr 28, 2026 | B20: 1162.7 | C20: 1169.4 | D20: 1149.8 | E20: 1152.1 | F20: 1152.1 | G20: 12720276
A21: Apr 27, 2026 | B21: 1154.6 | C21: 1179.9 | D21: 1154.5 | E21: 1170.3 | F21: 1170.3 | G21: 19579883

Sheet WIPRO
A1: Date | B1: Open | C1: High | D1: Low | E1: Close | F1: Adj Close | G1: Volume
A2: May 22, 2026 | B2: 200 | C2: 205.4 | D2: 198.83 | E2: 203.11 | F2: 203.11 | G2: 40014399
A3: May 21, 2026 | B3: 198.5 | C3: 200.04 | D3: 197.5 | E3: 199.74 | F3: 199.74 | G3: 18980608
A4: May 20, 2026 | B4: 194.61 | C4: 197.94 | D4: 194.01 | E4: 197.12 | F4: 197.12 | G4: 16201692
A5: May 19, 2026 | B5: 192.4 | C5: 198 | D5: 192.4 | E5: 195.17 | F5: 195.17 | G5: 20534622
A6: May 18, 2026 | B6: 190.99 | C6: 192.75 | D6: 189.2 | E6: 192.17 | F6: 192.17 | G6: 16327369
A7: May 15, 2026 | B7: 189.9 | C7: 191.9 | D7: 188.8 | E7: 190 | F7: 190 | G7: 17902610
A8: May 14, 2026 | B8: 188.25 | C8: 190.18 | D8: 187 | E8: 188.3 | F8: 188.3 | G8: 18280387
A9: May 13, 2026 | B9: 190.67 | C9: 191.3 | D9: 187.31 | E9: 187.8 | F9: 187.8 | G9: 17242394
A10: May 12, 2026 | B10: 196.1 | C10: 196.14 | D10: 189.1 | E10: 189.57 | F10: 189.57 | G10: 27435195
A11: May 11, 2026 | B11: 197.88 | C11: 198.24 | D11: 196.15 | E11: 196.68 | F11: 196.68 | G11: 9199527
A12: May 8, 2026 | B12: 198 | C12: 198.94 | D12: 196.7 | E12: 197.91 | F12: 197.91 | G12: 15970687
A13: May 7, 2026 | B13: 199.5 | C13: 200.28 | D13: 197.19 | E13: 197.36 | F13: 197.36 | G13: 19303572
... A16: May 4, 2026 | B16: 202.4 | C16: 203.37 | D16: 200.06 | E16: 200.75 | F16: 200.75 | G16: 8446995
A17: May 1, 2026 | B17: 200.65 | C17: 200.65 | D17: 200.65 | E17: 200.65 | F17: 200.65 | G17: -
A18: Apr 30, 2026 | B18: 200.89 | C18: 202.15 | D18: 200 | E18: 200.65 | F18: 200.65 | G18: 15300274
A19: Apr 29, 2026 | B19: 201.58 | C19: 203.6 | D19: 200.3 | E19: 200.68 | F19: 200.68 | G19: 15667662
A20: Apr 28, 2026 | B20: 204.56 | C20: 205.68 | D20: 201.02 | E20: 201.58 | F20: 201.58 | G20: 23455983
A21: Apr 27, 2026 | B21: 199.36 | C21: 205.25 | D21: 199.36 | E21: 205.05 | F21: 205.05 | G21: 42632215

Sheet Dashboard
B2: Stock Market Analysis Dashboard
B3: Analyst: Shraddha Singh | Banasthali Vidyapith | May 2026
B5: METRIC | C5: RELIANCE | D5: TCS | E5: HDFC | F5: INFY | G5: WIPRO
B6: HIGHEST PRICE | C6: =Comparison!B26 -> 1463.6 | D6: =Comparison!C26 -> 2474.7 | E6: =Comparison!D26 -> 796.55 | F6: =Comparison!E26 -> 1196.9 | G6: =Comparison!F26 -> 205.05
B7: LOWEST PRICE | C7: =Comparison!C26 -> 2474.7 | D7: =Comparison!D26 -> 796.55 | E7: =Comparison!E26 -> 1196.9 | F7: =Comparison!F26 -> 205.05 | G7: =Comparison!G26 -> 0
B8: AVERAGE | C8: =Comparison!B28 -> 1390.465 | D8: =Comparison!C28 -> 2373.14 | E8: =Comparison!D28 -> 771.86 | F8: =Comparison!E28 -> 1162.615 | G8: =Comparison!F28 -> 197.1595
B9: PRICE CHANGE | C9: =Comparison!B29 -> -11.3 | D9: =Comparison!C29 -> -130.3 | E9: =Comparison!D29 -> -23 | F9: =Comparison!E29 -> 4.2 | G9: =Comparison!F29 -> -1.94
B11: KEY INSIGHTS
B12: 1. INFY was the only stock with positive price change (+4.2)
B13: 2. TCS recorded the highest drop of -130.3 points
B14: 3. TCS had the highest average price at 2373.14 INR
B15: 4. Wipro was the most stable stock with smallest price range
B16: 5. HDFC had the lowest price range among all 5 stocks
